set,npts,k,QQ,xB,t,ReH_km15,ReE_km15,ReHt_km15,dvcs_km15,fit_ReH,efit_ReH_low,efit_ReH_high,fit_ReE,efit_ReE_low,efit_ReE_high,fit_ReHt,efit_ReHt_low,efit_ReHt_high,fit_dvcs,efit_dvcs_low,efit_dvcs_high,xmi_ReH,exmi_ReH,xmi_ReE,exmi_ReE,xmi_ReHt,exmi_ReHt,xmi_dvcs,exmi_dvcs,sys_ReH,sys_ReE,sys_ReHt,sys_dvcs
1,16,5.75,1.11,0.126,-0.11,-3.20664,2.39131,2.16321,0.17871,12.078,10.6613,0.74861,13.4702,23.0355,0.877644,12.9327,21.5856,0.0465677,1.52495,0.802558,0.123299,5.04772,0.560943,1.92064,6.38347,-1.33267,1.95868,0.706672,0.0275241,2.27936,9.86058,9.60967,0.133354
2,16,5.75,1.11,0.126,-0.15,-3.40355,2.27322,1.82235,0.146784,13.614,9.0425,0.000159376,13.6393,22.7321,2.40764e-06,9.21356,16.503,1.72053,0.479942,0.493971,0.493971,6.67052,0.269522,-4.18805,3.41716,0.624527,0.998731,0.589834,0.0004075,7.97839,3.70944,1.76341,0.411678
3,16,5.75,1.11,0.126,-0.2,-3.5379,2.1375,1.47343,0.117436,-9.32628,1.09133,10.7601,12.8219,21.3719,0.00311388,8.05485,13.9486,0.785703,0.00123737,2.44288e-07,0.234362,3.78811,5.64466,2.22661,6.16103,1.53852,4.21297,0.421325,0.236591,8.50638,4.45452,2.643,0.363045
4,18,5.75,1.11,0.126,-0.26,-3.58866,1.9901,1.13175,0.0923622,-3.59302,5.58848,11.7391,11.9402,19.9006,0.000428556,6.22689,10.7539,0.563603,0.155959,0.154164,0.230234,-1.42723,0.34003,2.63645,3.80428,1.7085,0.380658,0.145705,8.19782e-05,0.259709,5.06573,3.4391,0.0529194
5,18,5.75,1.11,0.126,-0.34,-3.53706,1.81615,0.778808,0.0695545,-1.85487,5.74776,6.94243,10.8969,16.6861,16.6861,-3.07882,0.0364073,7.75167,0.125808,0.106172,0.111528,-1.11689,0.405328,2.31654,2.45676,0.742452,0.942506,0.138208,0.00881249,0.868043,2.83278,1.23455,0.00670236
6,19,5.75,1.11,0.126,-0.45,-3.34977,1.61191,0.434499,0.0496568,-2.40113,4.80351,2.84833,-3.97799,2.46964,13.6494,-1.73799,1.11674e-07,4.34499,0.0385487,0.032391,0.048694,-2.80414,0,3.86703,0,0.193773,0,0.0626309,0,0.805501,4.89683,0.752417,0.00451414
7,20,5.75,1.27,0.154,-0.11,-3.11809,2.39131,2.04195,0.115446,-6.66306,4.48184,6.95568,-6.70589,2.85936,21.0538,12.0049,20.1727,0.246801,0.0903226,0.0900324,0.149774,1.04542,5.88759,2.39766,6.89781,2.36249,5.7657,0.294496,0.22947,2.24089,3.54804,2.90576,0.137521
8,18,5.75,1.27,0.154,-0.15,-3.27525,2.27322,1.74791,0.0965519,3.88991,8.24477,6.88886,13.6392,3.26579,19.4664,1.21002,13.2903,13.2903,0.275595,0.225863,0.230217,4.96676,0.476396,3.36854,5.644,-2.62002,1.69334,0.235455,0.000262438,0.917014,2.791,5.38564,0.0484583
9,18,5.75,1.27,0.154,-0.2,-3.38187,2.1375,1.4344,0.0789333,-4.57251,3.62183,11.9067,12.8006,21.3507,0.0243587,-5.73759,2.65113e-05,14.344,0.00248299,0.00177198,0.251843,4.48462,5.2622,2.27655,6.15423,1.63216,4.08906,0.264934,0.134309,3.33963,2.95616,1.5957,0.0774546
10,18,5.75,1.27,0.154,-0.26,-3.41728,1.9901,1.12378,0.0635864,0.301734,14.0371,7.77659,-5.0064,2.954,16.947,2.43996,6.9351,4.30274,0.201603,0.163071,0.163071,2.37623,0.915509,1.41509,6.19365,1.19054,3.03977,0.174398,0.000269794,2.3806,4.67491,1.31197,0.0381783
11,18,5.75,1.27,0.154,-0.34,-3.36613,1.81615,0.797875,0.049279,-7.49536,1.33767,6.55922,7.82283,15.0874,3.07409,4.15876,7.35027,0.628488,0.00208526,0.000403902,0.0408441,1.28646,5.91373,1.75005,5.2168,0.767894,2.28302,0.0955201,0.0857053,2.23292,2.93686,1.20263,0.0276929
12,20,5.75,1.27,0.154,-0.45,-3.19645,1.61191,0.472648,0.036371,-5.89853,2.28983,4.97668,3.94002,10.3877,5.73143,2.83545,4.72605,0.000432614,0.00949643,0.00761002,0.0297857,0.149155,0.402795,4.41071,1.6343,-0.210049,0.657989,0.063592,0.0035549,0.0906722,2.95645,1.24295,0.00099951
13,16,5.75,1.39,0.155,-0.11,-3.11477,2.39131,2.0385,0.0864557,-3.95309,7.7814,13.8552,10.287,19.8522,4.06093,7.79667,15.9507,4.43431,0.201217,0.200885,0.431968,-3.38355,0.252207,5.58996,5.28246,1.71511,0.659623,0.130818,1.82026e-05,1.23967,6.32378,2.7043,0.0448037
14,16,5.75,1.39,0.155,-0.15,-3.27137,2.27322,1.74559,0.0723391,3.65641,10.8319,10.8319,3.946,13.0389,9.6933,10.4728,17.4552,0.000728631,0.323595,0.326916,0.326916,0.281899,0.888969,2.5955,6.30276,1.48579,4.19754,0.194674,0.0467325,4.95497,3.29339,2.22677,0.163627
15,16,5.75,1.39,0.155,-0.2,-3.37647,2.1375,1.4332,0.0591641,4.50448,26.2668,26.2668,11.2783,19.8283,1.54673,6.26539,11.9982,2.33379,0.000935865,0.00057071,0.383113,4.68219,5.39228,2.30683,6.16083,1.63843,4.09148,0.260154,0.134057,5.78432,4.32028,1.00008,0.134427
16,16,5.75,1.39,0.155,-0.26,-3.41144,1.9901,1.12356,0.0476838,-0.421885,11.057,9.13084,11.9404,19.9008,0.000218177,-2.72958,1.76467,9.47096,0.19113,0.180673,0.180673,4.01951,0.981584,1.87155,5.30131,0.939705,2.66643,0.163209,7.20169e-05,4.86391,2.76292,1.93053,0.0856819
17,18,5.75,1.39,0.155,-0.34,-3.36032,1.81615,0.799058,0.0369725,-4.65628,5.43624,9.08093,7.60428,14.8689,3.29264,4.75805,7.99058,7.59478e-07,0.0641422,0.0506079,0.0930324,-2.29231,0.395333,2.62173,3.01388,0.401999,1.21961,0.0652777,0.00680707,0.887678,3.3693,1.46145,0.019929
18,18,5.75,1.39,0.155,-0.45,-3.19123,1.61191,0.473923,0.0272995,-3.58135,5.31235,3.97416,-5.93935,0.508281,15.6108,2.84323,4.73892,0.00031274,0.0216086,0.0192274,0.0335706,-1.66424,0.404641,3.29454,1.36636,0.146043,0.687758,0.0484402,0.00449935,1.53839,1.07466,0.414102,0.0146754
19,24,5.75,1.45,0.184,-0.11,-3.01735,2.39131,1.94938,0.0761589,0.431011,5.98702,2.15856,7.02647,16.5917,7.32142,-7.79687,1.54253e-07,19.4938,0.0287931,0.0204479,0.134387,-1.97558,0.512515,2.42264,6.39662,3.87052,1.33679,0.0866708,0.0185064,0.866575,5.02468,3.1609,0.0211662
20,22,5.75,1.45,0.184,-0.15,-3.14288,2.27322,1.68564,0.0647016,1.98211,4.94043,3.33541,13.5093,22.6022,0.129943,-6.69775,0.0448136,16.8116,0.0905204,0.0423275,0.101745,0.736357,0.634737,2.3124,5.94249,2.95879,1.36729,0.129886,0.0171353,1.26263,8.47859,5.48362,0.0209999
21,20,5.75,1.45,0.184,-0.2,-3.22608,2.1375,1.40537,0.0538443,3.55889,4.36572,6.19261,-0.751961,7.79804,13.577,8.30215,13.9236,0.130064,0.184646,0.102196,0.0514407,4.88715,0.60616,2.19192,6.05362,0.523219,2.84209,0.15528,0.01638,2.15234,5.61075,1.55042,0.0407219
22,20,5.75,1.45,0.184,-0.26,-3.25024,1.9901,1.11833,0.0442379,3.37944,5.38014,7.09977,11.9353,19.8957,0.00527923,-4.47272,0.000593638,11.1827,0.0990745,0.0635953,0.072486,4.0027,0.307661,-5.00975,1.90139,2.88384,0.574817,0.115389,0.0035897,0.829631,9.63601,2.36794,0.0104201
23,20,5.75,1.45,0.184,-0.34,-3.20022,1.81615,0.816444,0.0350835,1.10889,11.7473,8.85569,10.4528,17.7174,0.444136,-0.00753012,6.46659,6.46659,0.0537568,0.0442263,0.0702829,4.3402,4.56403,2.06048,5.19248,0.874482,2.31792,0.0887839,0.0441809,2.9329,3.17254,0.854759,0.0290926
24,17,5.75,1.45,0.184,-0.45,-3.04682,1.61191,0.509154,0.0265892,-8.77312,0.732557,5.97988,9.67145,16.1191,1.67599e-06,2.9821,5.01871,0.0728261,0.00160956,6.43648e-08,0.00532693,2.39804,0.56267,2.37878,1.98441,0.249205,0.911762,0.0654613,0.00405925,1.07402,0.529897,0.48223,0.00732402
25,18,5.75,1.62,0.185,-0.11,-3.01394,2.39131,1.94664,0.0533892,6.48459,5.47627,5.57119,-9.56524,1.81762e-05,23.9131,11.6575,19.444,0.0223408,0.348499,0.167559,0.0974301,8.08694,0.726276,2.42463,6.46332,1.0487,1.26985,0.305864,0.01659,0.715447,10.1467,6.05032,0.0393947
26,18,5.75,1.63,0.185,-0.15,-3.13856,2.27322,1.68379,0.0444915,4.24857,7.98148,6.41759,13.6393,22.7321,9.52046e-06,-5.81321,0.921955,15.916,0.152159,0.0838336,0.0838336,2.42115,0.251587,-3.90807,3.75995,1.21085,0.785274,0.130405,6.79425e-05,1.93282,9.36837,1.43414,0.0286205
27,18,5.75,1.63,0.185,-0.2,-3.22111,2.1375,1.40118,0.0370375,12.4528,6.9759,0.431617,10.9783,19.5283,1.84674,-5.59734,0.0073795,14.0044,0.231489,0.0939549,0.101186,9.46949,0.336058,-1.82639,2.64008,4.50986,0.969661,0.229104,0.00638745,1.94774,3.46776,3.05552,0.0432674
28,18,5.75,1.63,0.185,-0.26,-3.24466,1.9901,1.11818,0.0304313,12.9787,2.78749,5.55532e-07,11.9405,19.9009,7.60655e-05,6.70907,11.1818,6.83229e-06,0.275971,0.0842176,0.00966874,5.16996,0.471602,-3.47039,1.87502,2.67219,0.767654,0.145177,0.00494403,3.25154,0.315729,0.58592,0.0344003
29,18,5.75,1.63,0.185,-0.34,-3.19497,1.81615,0.817029,0.0241374,-5.78779,3.92069,6.2897,10.8969,18.1615,7.22632e-07,-2.9393,0.328814,7.84148,0.00148447,3.53508e-09,0.0305641,2.95925,5.07329,1.90652,5.22249,0.799875,2.345,0.0782646,0.0451757,1.78202,2.52659,1.8017,0.0180022
30,18,5.75,1.63,0.185,-0.45,-3.04206,1.61191,0.510302,0.0182916,-8.48543,0.659526,5.36735,9.36062,15.8083,0.310833,3.06181,5.10302,1.97402e-07,0.00201053,4.50934e-05,0.0126424,2.70882,0.215769,4.50686,1.48441,-0.582436,0.804931,0.055682,7.58517e-05,1.23536,2.0012,0.995093,0.0101057
31,24,5.75,1.64,0.214,-0.11,-2.91571,2.39131,1.87416,0.0519733,-4.33442,1.6465,6.70387,1.02071,10.586,13.3272,11.245,18.7416,1.24197e-07,0.0721168,0.0717436,0.0222358,-2.2489,0.393137,2.74976,6.18697,3.75625,1.25144,0.045627,0.0103959,1.08193,3.71095,3.14788,0.0136793
32,24,5.75,1.64,0.214,-0.15,-3.01703,2.27322,1.64043,0.0447253,-1.77327,4.57144,3.09101,1.80195,22.4611,0.271091,1.85652,11.9787,11.9787,0.0291421,0.0792329,0.0792329,-2.47726,0.227659,3.64441,4.15695,3.22506,0.706881,0.0288566,8.32403e-05,1.37337,4.45465,2.70865,0.0119209
33,24,5.75,1.64,0.214,-0.2,-3.08266,2.1375,1.37592,0.0377772,0.251215,3.39691,5.89296,2.45586,11.6402,11.6402,3.23881,8.74251,5.01673,0.057089,0.079631,0.0347861,1.15146,0.358776,2.55037,7.27651,-1.88628,1.01187,0.0406087,5.19678e-06,0.700664,1.17697,2.06842,0.00795932
34,22,5.75,1.64,0.214,-0.26,-3.09818,1.9901,1.11443,0.0315163,0.52346,3.64395,4.40957,11.9406,19.901,1.18156e-06,-2.7336,1.72413,9.42018,0.0364814,0.0229707,0.0383742,0.834819,0.414309,1.64589,4.74733,1.61204,1.15216,0.0461004,0.0071705,1.10458,3.57756,1.32725,0.0101863
35,19,5.75,1.64,0.214,-0.34,-3.04939,1.81615,0.833069,0.0254465,0.525955,3.30192,4.82776,-6.99734,15.7938,15.7938,1.46715,0.104069,8.22662,0.0361507,0.0177043,0.030108,-0.446157,0.593402,2.54319,0.753149,1.12108,0.738743,0.0366485,1.7928e-05,1.0883,6.08696,2.16063,0.00589899
36,15,5.75,1.64,0.214,-0.45,-2.90962,1.61191,0.541817,0.0196856,3.26845,4.49867,6.14365,9.67145,16.1191,2.62701e-06,-2.16724,2.99509e-05,5.41814,0.0421133,0.0217199,0.0213207,5.04955,0.82449,1.1213,3.13719,1.92517,0.472858,0.0535178,0.00503062,0.555066,3.67785,1.05785,0.00362773
37,21,5.75,1.88,0.215,-0.11,-2.91236,2.39131,1.88057,0.0335806,0.739625,3.64105,7.43047,-8.23029,1.33497,22.5782,10.8047,18.327,0.478758,0.123555,0.0800118,0.0382527,2.81598,0.881561,2.53407,6.45513,1.43417,1.40687,0.0998829,0.0139424,0.903386,4.7148,3.41226,0.00881871
38,20,5.75,1.88,0.215,-0.15,-3.01297,2.27322,1.63335,0.028928,3.41004,4.59211,7.08161,-9.05177,0.041092,22.6911,9.80008,16.3335,1.63423e-06,0.123027,0.0722942,0.0388067,4.31502,0.529372,1.93731,5.99476,0.316696,1.24174,0.0909187,5.22496e-05,0.856593,3.09783,2.5895,0.00581594
39,18,5.75,1.88,0.215,-0.2,-3.07807,2.1375,1.37513,0.024427,7.7795,7.48181,4.53279,12.307,20.857,0.518,-5.41239,0.0881127,13.6631,0.081219,0.0488172,0.0488172,5.93641,0.409673,-1.43759,4.48532,1.73004,0.732746,0.102305,0.000113002,0.513053,3.99894,2.49526,0.00564433
40,18,5.75,1.88,0.215,-0.26,-3.09334,1.9901,1.11432,0.0203779,12.3733,6.88967,1.47411e-05,11.4155,19.3759,0.525077,-4.28535,0.171911,10.9712,0.12942,0.0366145,0.0465582,10.8823,0.36,4.51102,2.2184,3.13982,0.634834,0.136212,0.00347777,0.402835,3.96034,0.511915,0.00103171
41,18,5.75,1.88,0.215,-0.34,-3.04459,1.81615,0.834096,0.0164501,3.42388,8.19602,8.19602,10.8969,18.1177,0.0438591,-1.49537,2.9268e-05,8.34093,0.0494164,0.0464098,0.0464098,6.55356,1.85357,0.59297,2.87726,2.31633,0.940557,0.0679573,0.0107491,1.57438,3.71772,1.76602,0.00922367
42,19,5.75,1.88,0.215,-0.45,-2.90523,1.61191,0.542849,0.0127204,-8.38252,0.782455,6.37863,9.20419,15.6518,0.467266,3.2571,5.42849,7.66014e-08,0.000592149,4.83998e-05,0.00418297,3.45152,0.571901,1.07166,1.73727,1.15171,0.734554,0.0381932,0.00217065,2.26002,6.31227,0.626868,0.00952783
43,19,5.75,1.79,0.244,-0.11,-2.81618,2.39131,1.81901,0.0396694,-5.96064,1.40337,6.7078,10.3419,19.9072,4.00598,10.914,18.1901,8.87217e-07,0.0488824,0.048296,0.0202978,-3.17011,0.584152,8.01726,3.40328,3.23985,1.65562,0.0195111,0.00145632,1.74323,4.46973,5.02969,0.02129
44,24,5.75,1.79,0.244,-0.15,-2.89862,2.27322,1.59186,0.0345836,-1.68575,2.34622,5.84433,-4.82529,4.26757,18.4646,8.94441,15.3118,0.606736,0.0519154,0.0513933,0.0183192,-0.512333,0.385634,2.71925,5.64866,3.27245,1.01785,0.0380929,0.0027513,0.759606,2.59509,3.00831,0.00775996
45,23,5.75,1.79,0.244,-0.2,-2.95008,2.1375,1.35359,0.0295628,-0.68321,3.70759,3.80281,-8.55,4.19222e-06,21.375,4.91982,13.5254,0.010468,0.0252155,0.0386431,0.0082944,-0.956602,0.349332,2.40367,4.85583,2.43893,0.91165,0.0229895,0.00468684,0.220203,3.53608,1.11722,0.00767645
46,24,5.75,1.79,0.244,-0.26,-2.95859,1.9901,1.11121,0.0249814,0.433008,4.10592,2.59706,7.61102,15.5714,4.32958,1.52534,5.89853,5.89853,0.0189133,0.00793348,0.0325766,-0.592307,0.393014,0.942747,4.0262,2.01426,1.416,0.031519,0.00479914,0.240201,1.4546,1.72667,0.0046861
47,19,5.75,1.8,0.244,-0.34,-2.91084,1.81615,0.847834,0.0201043,-0.321543,2.88873,4.1545,-0.626318,6.63829,11.5232,5.08535,8.47833,2.9081e-06,0.0323416,0.0246432,0.00615854,0.319456,0.407131,2.03678,3.00802,0.98754,0.750094,0.0250223,0.00243785,0.443451,4.49882,1.75287,0.00231389
48,13,5.75,1.8,0.244,-0.45,-2.78249,1.61191,0.571377,0.0158175,-0.28871,3.65439,5.07049,7.83097,14.2786,1.84048,-2.20318,0.0823263,5.63144,0.0186437,0.00878847,0.0165393,0.468607,0.390898,1.33856,2.80586,1.04317,0.8549,0.0240068,0.00120294,0.620874,3.17519,0.919953,0.0012815
49,24,5.75,2.12,0.244,-0.11,-2.81618,2.39131,1.81901,0.0231275,-0.723624,2.18779,3.71311,14.3479,23.9131,2.51674e-06,8.53418,8.72526,2.37987,0.00405993,0.00372332,0.019639,3.73759,3.06997,5.56709,7.07581,3.21128,3.54716,0.0478118,0.0118875,1.01243,4.19239,2.43479,0.00586856
50,24,5.75,2.12,0.245,-0.15,-2.89479,2.27322,1.59053,0.0201638,5.9522,5.71716,3.94209,12.9134,22.0063,0.725879,-3.24056,3.12155,12.7837,0.048264,0.0232093,0.0358533,4.9459,0.639921,2.42105,6.0843,1.91637,1.28145,0.0555755,0.00376664,0.897284,3.52744,2.46508,0.00499389
51,20,5.75,2.12,0.245,-0.2,-2.94555,2.1375,1.35289,0.0172331,7.58755,5.84215,4.19466,12.825,21.375,5.52386e-06,-4.13364,1.27794,12.251,0.0471908,0.0194912,0.0347428,6.85584,0.700886,2.32296,5.30865,1.69918,0.867363,0.0556042,0.0036812,0.888408,2.50253,2.82077,0.00520258
52,20,5.75,2.12,0.245,-0.26,-2.95413,1.9901,1.11111,0.0145587,8.17362,5.30512,3.64288,11.9406,19.901,9.38427e-08,-2.65747,1.78695,9.3241,0.0592766,0.033511,0.033511,8.31205,0.575928,2.20537,4.82747,1.1392,0.881632,0.063714,0.00274502,2.32425,3.13495,2.65008,0.0112505
53,20,5.75,2.12,0.245,-0.34,-2.90641,1.81615,0.848791,0.0119231,11.6227,3.15165,0.00293437,10.8949,15.9186,0.0019782,-3.39373,0.00143489,8.03833,0.0592149,0.0119704,0.015898,10.034,0.502532,4.89453,2.61432,1.23024,1.29781,0.0584301,0.00331949,0.730059,4.37891,1.42411,0.0035927
54,19,5.75,2.12,0.245,-0.45,-2.77833,1.61191,0.572315,0.00937291,2.375,4.8808,6.88957,9.67134,16.119,0.000115578,-2.28922,4.11515e-05,5.72311,0.023352,0.0191052,0.0133735,4.56642,1.54849,-0.0881904,3.32621,1.81139,0.696097,0.0304786,0.00473632,0.924532,3.40224,1.71156,0.00313579
55,14,5.75,1.94,0.274,-0.11,-2.72104,2.39131,1.75567,0.0308665,3.08102,10.481,1.64896,-9.55987,0.00538242,23.9078,-7.02268,2.02188e-07,17.5567,0.0103989,0.00979269,0.0924638,-1.40712,0.477693,3.92933,6.7277,3.16766,2.07015,0.0393649,0.000157768,1.24051,4.19487,2.68768,0.00914979
56,16,5.75,1.94,0.274,-0.15,-2.78708,2.27322,1.55424,0.0271834,-2.07397,4.64221,3.91307,-6.42795,2.66491,20.0672,3.35008,9.56703,5.97534,0.0185473,0.0179772,0.0338418,-2.70326,0.377421,2.57311,5.78676,3.06782,1.13498,0.0246124,0.00148296,1.84029,5.02445,5.01473,0.0132385
57,22,5.75,1.94,0.274,-0.2,-2.82677,2.1375,1.33383,0.0234927,-2.84492,1.80033,4.54847,1.2487,9.79871,11.5763,7.99972,13.0366,0.00324579,0.0211515,0.0208196,0.00976269,-1.29806,0.271051,1.05529,1.26542,2.91855,0.561395,0.0122203,0.000707399,0.485555,3.39872,2.09265,0.0037772
58,19,5.75,1.94,0.274,-0.26,-2.82935,1.9901,1.10816,0.0200731,-1.01507,4.80868,2.23297,-2.30827,17.0738,17.0738,2.01697,1.45147e-06,11.0816,0.0158304,0.00186598,0.0300308,-1.51427,0.378077,0.879443,3.41353,2.27658,1.04508,0.0186236,0.00149179,0.905122,1.53985,2.32591,0.00419952
59,18,5.75,1.94,0.275,-0.34,-2.77823,1.81615,0.861258,0.0166828,-1.20097,2.64121,4.14528,10.8969,18.1615,2.09131e-05,-0.982519,2.46251,6.15007,0.0125177,0.0118023,0.0146175,-0.59429,0.354559,1.26947,3.37265,1.58771,0.700724,0.0152791,0.0013695,0.475937,2.90985,0.498384,0.00132633
60,14,5.75,1.94,0.275,-0.45,-2.65976,1.61191,0.598903,0.0133229,0.118505,2.76465,3.80635,7.25541,13.703,2.41604,-1.93781,5.05363e-06,5.98903,0.014544,0.00365251,0.013102,0.583555,0.441902,0.87608,1.70582,1.16665,0.56478,0.0185431,0.00120326,0.459013,4.9576,1.3086,0.000631542
61,13,5.75,2.35,0.274,-0.11,-2.72104,2.39131,1.75567,0.0167788,-4.18812,2.31475,4.13366,13.7515,20.7811,20.7811,10.5338,14.5705,0.00026464,0.000226792,4.24868e-07,0.025181,-4.14818,0.435586,1.30492,6.27984,0.12586,1.33701,0.0473968,0.00340284,1.46224,9.76154,3.80015,0.00758378
62,16,5.75,2.35,0.275,-0.15,-2.78315,2.27322,1.55306,0.0147728,-0.472483,3.90321,13.0288,-5.37905,3.71381,19.0183,9.13405,15.3463,0.184299,0.0191813,0.0190029,0.0151052,0.681737,0.306449,4.40724,4.77306,3.85334,0.954427,0.0151839,0.00171761,1.09755,5.23723,2.37133,0.00925907
63,23,5.75,2.35,0.275,-0.2,-2.82281,2.1375,1.3332,0.0127632,1.63888,5.63188,3.62259,-7.47208,21.3277,0.0473404,5.70957,7.58708,7.58708,0.0222354,0.0123444,0.0217304,1.85881,0.450048,3.38809,4.94755,2.28613,0.957191,0.0198514,0.00185863,1.06479,3.86632,1.38785,0.0036873
64,22,5.75,2.35,0.275,-0.26,-2.8252,1.9901,1.10806,0.0109001,2.56463,2.12266,7.08419,11.9406,19.901,1.27671e-05,5.08952,9.52176,1.55885,0.0384486,0.0199145,0.00741024,5.03944,0.566215,2.11224,4.75119,1.3143,0.858074,0.0326351,0.00215083,1.47207,4.2451,0.941636,0.000513727
65,20,5.75,2.35,0.275,-0.34,-2.77823,1.81615,0.861258,0.00903775,6.14719,4.2338,4.9399,-4.94568,16.9768,1.18475,-0.549335,6.39989,6.39989,0.025617,0.00849565,0.0124803,4.65065,0.586519,1.80586,3.98426,1.16216,0.85432,0.0282128,0.00133293,0.889422,5.12731,1.59313,0.00100716
66,20,5.75,2.35,0.275,-0.45,-2.65976,1.61191,0.598903,0.00720488,10.639,3.30707,1.48903e-06,9.66577,16.1134,0.00567681,2.44499,4.8406,1.14843,0.0383876,0.0105223,0.00325832,5.82447,0.255312,0.787198,0.871744,0.914404,0.394877,0.0231153,0.000979492,0.949666,5.19261,0.803204,0.000733843
67,8,5.75,2.08,0.301,-0.12,-2.65451,2.36094,1.66247,0.0239612,-8.06142,7.86561,13.9527,9.98475,19.4285,4.1809,-4.93301,1.71685,14.9078,0.125847,0.125496,0.118726,-9.1074,0.679565,2.93374,6.51776,1.19797,2.96531,0.12137,0.00571046,1.44754,3.2691,4.32441,0.0117604
68,12,5.75,2.1,0.304,-0.15,-2.68174,2.27322,1.52054,0.0213029,-0.358953,5.06619,5.06619,9.35903,18.4519,4.28027,9.08369,15.1659,0.0395667,0.0479575,0.0477457,0.0303031,-3.02118,0.489243,2.41159,6.13819,1.3488,1.75572,0.0307668,0.00305674,0.320757,4.208,1.47602,0.00348309
69,21,5.75,2.1,0.304,-0.2,-2.71141,2.1375,1.31581,0.0185991,0.489798,5.82381,1.8522,12.7854,21.3354,0.0396198,-5.14752,0.115726,13.0424,0.00133636,0.00116433,0.0292187,-1.83066,0.369242,2.68374,4.49484,3.03369,0.979778,0.0141939,0.00146412,1.10658,3.55326,3.65478,0.00499058
70,17,5.75,2.1,0.304,-0.26,-2.7088,1.9901,1.10501,0.0160508,-0.463643,4.21051,2.52214,11.4754,19.4358,0.465179,-2.80746,1.61257,9.43751,0.00234511,0.00209534,0.0200726,-1.30758,0.134865,-2.38776,0.513885,2.92434,0.431034,0.009101,0.00134873,0.525388,2.82792,1.68483,0.00247091
71,15,5.75,2.1,0.304,-0.34,-2.66225,1.81615,0.872244,0.0134673,-1.07664,3.51523,3.23735,10.4023,17.667,0.494575,-3.21823,0.270742,8.4517,0.0052917,0.00514272,0.0159114,-1.42349,0.299487,0.681449,3.13121,1.76132,0.787713,0.0111611,0.000958814,0.895204,2.52511,1.5884,0.00284006
72,14,5.75,2.1,0.305,-0.45,-2.54793,1.61191,0.622996,0.0109045,-0.53681,5.52607,0.726747,-1.79664,9.26884,9.26884,0.612682,3.6654e-09,6.22996,0.0156731,0.00271856,0.0125244,-1.13029,0.397575,0.951708,2.15706,0.953793,0.724509,0.016518,0.00101295,0.427961,3.08392,2.55451,0.00311271
73,2,5.75,2.56,0.301,-0.12,-2.65451,2.36094,1.66247,0.0124105,-15.927,3.90799e-14,25.3838,13.8811,21.1335,21.1335,-6.64987,7.84692e-07,16.6247,0.0996985,0.0995805,0.0914059,0,0,0,0,0,0,0,0,7.85754,5.58347,4.66401,0.103178
74,12,5.75,2.58,0.304,-0.15,-2.68174,2.27322,1.52054,0.011094,0.778872,8.74356,4.19789,-2.90657,6.18629,16.5459,-0.221807,5.86036,9.34506,0.0068902,0.00677707,0.047048,-1.36902,0.480758,2.44624,5.55489,3.94376,1.88334,0.0133921,0.00262173,1.18059,4.68393,2.28289,0.0036988
75,24,5.75,2.58,0.304,-0.2,-2.71141,2.1375,1.31581,0.00967831,-0.187133,4.09184,4.85528,12.8031,21.3531,0.0218938,0.559064,5.82231,7.3358,0.0063064,0.00620953,0.0121385,-0.455896,0.410562,4.52629,4.08358,3.23826,0.777276,0.00901753,0.00116646,2.46768,7.57069,4.25775,0.00639856
76,24,5.75,2.58,0.305,-0.26,-2.70491,1.9901,1.1049,0.00835058,1.26425,3.16669,5.39305,-6.21202,1.74838,18.1526,6.62724,11.0468,0.00214854,0.0159727,0.0132451,0.00589885,2.11614,0.425103,2.53977,4.45669,1.61211,0.87677,0.0123278,0.00144725,1.00327,1.7954,2.31452,0.00238183
77,22,5.75,2.58,0.305,-0.34,-2.65837,1.81615,0.872597,0.00699966,1.12692,4.74777,3.46404,2.65343,9.29622,9.29622,4.24097,0.014812,8.71116,0.015295,0.00466983,0.00953832,2.30788,0.57782,0.470109,3.2848,1.79221,0.765643,0.0131253,0.00101624,0.484233,3.21869,2.30977,0.00109366
78,20,5.75,2.58,0.305,-0.45,-2.54793,1.61191,0.622996,0.0056494,3.63373,4.18559,4.80242,8.26304,14.7107,1.40842,-2.49198,8.99799e-07,6.22996,0.0133304,0.00426377,0.00680873,3.81359,0.458234,0.550976,3.06998,1.44426,0.827806,0.0153047,0.00064406,1.34897,4.91328,2.10752,0.00305031
79,8,5.75,2.22,0.333,-0.16,-2.59188,2.24506,1.45038,0.017413,-0.0468033,15.5045,12.2169,-4.62744,4.35279,18.0978,-1.54777,4.25375,10.25,0.0259844,0.0258868,0.100515,0,0,0,0,0,0,0,0,5.24317,4.91828,1.45905,0.139369
80,16,5.75,2.23,0.335,-0.2,-2.5994,2.1375,1.29845,0.0155378,-2.37206,3.22136,2.6301,10.9594,19.5094,1.8656,3.19634,7.35838,4.59434,0.00568437,0.00547944,0.0136089,-2.45037,2.63949,2.68578,6.11522,2.49463,3.56662,0.0133892,0.0119051,1.70141,2.86102,3.31287,0.00617976
81,15,5.75,2.23,0.335,-0.26,-2.59199,1.9901,1.10145,0.0135398,-1.24364,6.01032,6.01032,-6.31057,1.64983,18.2512,-4.40578,1.33947e-06,11.0145,0.0013284,0.0012439,0.0267954,-1.83382,0.364516,1.49881,4.20648,1.89142,0.967882,0.0134908,0.001524,0.806708,1.12816,1.96174,0.00307353
82,12,5.75,2.23,0.335,-0.34,-2.54557,1.81615,0.882424,0.0114816,-4.24113,5.14438,5.58802,10.8969,18.1615,2.77813e-06,5.28482,8.81452,0.00972582,0.0124617,0.0377012,0.0377012,-1.37332,0.357949,1.41016,2.9301,1.23776,0.85078,0.0125722,0.00100484,0.741361,3.56122,2.77293,0.00324914
83,13,5.75,2.23,0.335,-0.45,-2.44185,1.61191,0.644845,0.00939337,-2.57927,2.93775,3.31277,8.81213,15.2598,0.859318,-2.57926,0.000118811,6.44833,0.00666642,0.00497674,0.00968479,-2.28743,0.286969,-0.458603,2.20361,1.26144,0.879635,0.00980796,0.000661232,0.276181,4.07744,2.25211,0.00193414
84,4,5.75,2.77,0.333,-0.16,-2.59188,2.24506,1.45038,0.00865192,-15.5513,2.13163e-13,20.4936,-8.98023,2.07638e-11,22.4506,-5.80006,0.00146118,14.5023,0.122405,0.122352,0.0317221,0,0,0,0,0,0,0,0,1.7413,4.01084,4.13911,0.0704497
85,24,5.75,2.78,0.335,-0.2,-2.5994,2.1375,1.29845,0.00773743,-5.59506,1.18728,7.84978,12.6902,21.2402,0.134767,7.79065,12.9844,3.04847e-05,0.0122645,0.0121978,0.00395777,-2.48822,0.282185,3.73421,3.78464,2.80538,0.818866,0.00690141,0.000805054,1.12011,3.35848,1.89773,0.00218571
86,24,5.75,2.78,0.335,-0.26,-2.59199,1.9901,1.10145,0.00673502,-0.698156,3.70394,5.02185,4.5929,12.5533,7.3477,2.1629,6.56868,4.44578,0.00568767,0.00562818,0.0068458,-0.628885,0.341074,2.02111,3.90333,2.73905,0.894174,0.00612809,0.000721301,0.459166,3.68867,1.21205,0.000828104
87,24,5.75,2.78,0.335,-0.34,-2.54557,1.81615,0.882424,0.00570246,0.110876,6.12534,1.77523,7.8845,10.8446,10.8446,1.61224,0.226878,8.59737,0.00864318,0.00265375,0.00889222,1.02445,0.392752,2.20713,3.40831,1.55573,0.820212,0.00825806,0.000612005,0.521832,2.00913,1.53559,0.000918113
88,22,5.75,2.78,0.335,-0.45,-2.44185,1.61191,0.644845,0.0046547,1.54464,3.58426,4.13101,9.66594,16.1136,0.00551198,-2.57274,3.40934e-05,6.44841,0.00554072,0.00152582,0.00639227,1.67708,0.394249,1.35531,2.42529,1.13947,0.709566,0.00696091,0.000453794,0.38842,3.89733,1.1554,0.000414637
89,15,5.75,2.35,0.365,-0.2,-2.49712,2.1375,1.28247,0.0131867,-1.98335,3.06969,3.06969,2.10345,10.6535,10.7216,7.68675,12.8166,0.00808894,0.0274241,0.0273603,0.0166728,-4.75459,0.405326,1.94945,5.50801,0.43575,1.72411,0.0181614,0.00182823,1.16197,3.46527,2.75119,0.00310222
90,15,5.75,2.35,0.365,-0.26,-2.48531,1.9901,1.0976,0.0115961,-3.137,3.4487,5.08257,-7.73208,0.228321,19.6727,6.5856,10.976,1.11254e-06,0.0114607,0.0113642,0.0113287,-2.04903,0.298783,1.4745,3.94276,1.63906,0.967419,0.00848755,0.00103769,0.963133,10.0704,2.92066,0.00285197
91,13,5.75,2.35,0.365,-0.34,-2.43882,1.81615,0.890842,0.00992967,-0.333995,5.49116,2.83237,5.77779,13.0424,5.11913,-3.44181,0.121556,8.78687,0.00522462,0.00518606,0.0156464,-1.82319,0.330083,0.936192,2.94176,1.33749,0.865386,0.0102821,0.000899486,1.09182,3.13365,1.86135,0.00265908
92,11,5.75,2.35,0.365,-0.45,-2.3407,1.61191,0.664593,0.00821238,0.0313705,3.91943,2.158,5.44944,11.8971,4.22201,-2.58765,0.541723,6.10421,2.85571e-05,4.18266e-06,0.00957119,-0.992191,0.076112,0.47797,1.11323,1.79142,0.308344,0.00389476,0.000276558,0.649668,1.62884,1.26671,0.00123054
93,17,5.75,2.97,0.364,-0.2,-2.50044,2.1375,1.28563,0.00630382,-3.31286,5.33715,5.45887,12.7418,21.2918,0.0831895,2.03383,7.17637,5.67997,0.00537783,0.00534704,0.0113596,-3.27901,0.295396,2.17512,4.61604,2.14125,1.09721,0.00655794,0.00101434,1.31748,3.68859,2.43589,0.00222882
94,22,5.75,2.97,0.365,-0.26,-2.48531,1.9901,1.0976,0.00553927,-1.36491,1.13262,8.46096,11.93,14.0794,14.0794,1.39397,10.8387,0.137292,0.00670763,0.0103033,0.00227294,-0.684387,0.412913,3.19388,4.1269,1.88746,0.868748,0.00588085,0.000608655,0.487288,1.31755,0.71041,0.00024463
95,24,5.75,2.97,0.365,-0.34,-2.43882,1.81615,0.890842,0.00473495,2.36037,2.45568,5.52792,6.89704,14.1616,3.99988,-3.56337,1.22191e-06,8.90842,0.00039689,0.000378528,0.00713512,0.110677,0.248898,3.03073,1.75914,2.19363,0.568581,0.00377138,0.000578396,0.584868,4.83735,0.502214,0.000536096
96,23,5.75,2.97,0.365,-0.45,-2.3407,1.61191,0.664593,0.00390599,-1.33041,0.819022,6.40733,9.67144,16.1191,6.38153e-06,3.81009,6.46846,0.177475,0.00585433,0.00549678,0.00102905,1.02464,0.298803,2.49008,1.80479,1.07582,0.537925,0.0039773,0.000374426,0.287374,2.75505,0.83849,0.000224918
97,7,5.75,2.44,0.393,-0.21,-2.40533,2.11182,1.23943,0.0113965,-0.502567,13.9294,4.65624,12.6708,21.1181,0.000143037,7.38901,12.3467,0.0475826,0.000660627,0.000612035,0.0580915,-5.28603,0.870957,1.23638,5.46489,-0.734679,1.56572,0.0238381,0.0031711,2.30849,9.80341,5.31166,0.00488087
98,12,5.75,2.48,0.4,-0.26,-2.36816,1.9901,1.09254,0.00980468,0.811411,6.97211,1.51361,9.74097,17.7014,2.19963,-2.77181,1.59834,9.32704,0.000193098,0.000155593,0.0179723,-1.69601,0.157362,0.842433,1.72122,2.99937,0.569196,0.00589594,0.000763699,1.84325,3.31832,2.72868,0.00412758
99,11,5.75,2.48,0.399,-0.34,-2.32412,1.81615,0.898797,0.00848686,0.132717,5.82536,3.40174,10.6308,17.8954,0.266153,-3.59518,3.81458e-06,8.98797,0.00525037,0.00521978,0.0145125,-1.14562,0.325074,1.11491,3.32345,1.55756,0.807385,0.0087585,0.000873901,0.98046,3.6395,1.23882,0.00186918
100,10,5.75,2.48,0.399,-0.45,-2.23122,1.61191,0.684863,0.00710207,-0.95171,4.22111,4.22111,9.4385,15.8861,0.232954,4.09669,6.83614,0.0124898,0.0102105,0.0101867,0.00269785,-2.10296,0.323727,-0.279672,2.43965,1.07951,0.788257,0.00600315,0.000671786,0.986704,2.3276,1.83612,0.00193036
101,11,5.75,3.12,0.391,-0.21,-2.41172,2.11182,1.24032,0.00527107,-14.4703,5.90573e-08,17.8404,-8.44728,1.25772e-08,21.1182,-4.96125,3.67693e-05,12.4032,0.0425511,0.0399346,0.0071687,-10.075,0.206877,7.02862,2.83504,1.79455,0.399175,0.0292148,0.000283191,0.723091,3.76411,0.956724,0.00160584
102,16,5.75,3.18,0.399,-0.26,-2.37141,1.9901,1.09269,0.00449259,-2.60218,8.57489,4.99786,-1.77656,6.18384,13.7172,1.68387,6.05464,4.87228,0.0021022,0.00207599,0.00891342,-3.38792,0.270414,-2.28925,2.69111,0.867458,0.909819,0.00485261,0.000564462,2.47562,10.5295,2.31315,0.00301762
103,21,5.75,3.18,0.4,-0.34,-2.32085,1.81615,0.899007,0.00388168,1.75595,5.79058,7.41091,-7.26459,2.34692e-05,18.1615,-1.68869,1.90734,7.08273,0.000211275,0.000177485,0.00727502,-1.41884,0.340475,2.04261,3.04418,1.64053,0.807443,0.00351363,0.000414786,1.37374,3.05985,1.9517,0.00123296
104,22,5.75,3.18,0.4,-0.45,-2.22808,1.61191,0.685424,0.00323994,0.600048,3.90328,3.33409,8.74871,15.1963,0.922738,-2.74169,1.54055e-06,6.85423,0.00245679,0.00218426,0.00349547,-0.112215,0.307642,1.66275,2.40913,1.18987,0.742324,0.00361317,0.000284971,0.692758,2.05304,0.869028,0.000492674
105,9,5.75,2.81,0.433,-0.27,-2.25881,1.96702,1.06251,0.00646219,-1.59575,11.9571,1.69282,-0.92699,6.9411,12.7291,-3.18591,1.06414,9.56098,1.01507e-05,3.79651e-06,0.0241649,-5.39898,0.0822552,-4.21936,1.95332,-2.0093,0.657244,0.00754493,0.000423914,0.785522,2.9935,1.06368,0.00116297
106,10,5.75,2.96,0.449,-0.34,-2.16619,1.81615,0.907682,0.00487662,-1.40183,3.30619,3.18557,8.03049,15.2951,2.86643,4.33174,7.96247,1.11435,0.00156011,0.00153846,0.00519889,-1.73262,0.982346,2.88793,0.140174,1.00888,1.71248,0.00432704,0.000964122,1.6281,0.683433,2.71519,0.0017887
107,14,5.75,3.05,0.461,-0.45,-2.04342,1.61191,0.71621,0.00377848,-1.06397,6.2877,0.94012,1.20529,11.5419,11.5419,1.37357,0.177413,6.98469,0.00227258,0.000726404,0.00495912,-1.25093,0.223154,1.56055,2.27469,1.42663,0.727652,0.00250033,0.00035785,0.337525,2.844,0.74253,0.000315825
108,12,5.75,3.5,0.43,-0.28,-2.26285,1.94434,1.03868,0.00320346,-13.5626,0.0145031,13.0693,11.0342,18.8115,0.631887,5.56251,9.71723,0.669578,0.0108991,0.0108892,0.00765963,-8.52117,0.0311486,-5.99621,0.298733,-3.46157,0.150382,0.00803806,0.000307135,0.875526,3.68926,2.00422,0.000935866
109,15,5.75,3.63,0.451,-0.34,-2.1601,1.81615,0.907971,0.00258064,0.840597,7.97412,2.28469,8.80544,16.0701,2.09147,-3.55806,0.0738217,9.00589,0.000639341,0.000629519,0.00593489,-1.80137,0.318246,1.87112,2.61901,1.59771,0.768912,0.00223403,0.000311046,2.00523,3.50578,3.05043,0.00130036
110,16,5.75,3.77,0.475,-0.45,-2.00286,1.61191,0.72239,0.00195106,-4.03511,5.32806,7.09792,9.67145,16.1191,5.30136e-07,4.21625,7.10581,0.118084,0.00291404,0.00289648,0.000839217,-0.952082,0.263261,2.35201,2.11985,0.969479,0.554079,0.00149807,0.000168045,1.65158,5.31726,1.34467,0.000836928
